﻿<?xml version="1.0" encoding="UTF-8"?>
<DefaultMassCalibration xmlns:xsi="http://www.w3.org/2001/XMLSchema-instance" xsi:noNamespaceSchemaLocation="DefaultMassCal.xsd">
  <Version>1</Version>
  <DefaultCalibrations>
    <DefaultCalibration DefaultCalibrationID="1">
      <Step Number="1">
        <CalibrationTechnique>ExternalReference</CalibrationTechnique>
        <CalibrationFormula>Traditional</CalibrationFormula>
        <NumberOfCoefficients>2</NumberOfCoefficients>
        <ValueUseFlags>0</ValueUseFlags>
        <Values>
          <Value Number="1">0.000348182797014279</Value>
          <Value Number="2">1014.62631954742</Value>
        </Values>
        <Weighting>0</Weighting>
      </Step>
      <Step Number="2">
        <CalibrationTechnique>ExternalReference</CalibrationTechnique>
        <CalibrationFormula>Polynomial</CalibrationFormula>
        <NumberOfCoefficients>8</NumberOfCoefficients>
        <ValueUseFlags>184</ValueUseFlags>
        <Values>
          <Value Number="1">32224.6153470025</Value>
          <Value Number="2">113060.531520637</Value>
          <Value Number="3">8.28055552500369E-17</Value>
          <Value Number="4">-2.65985058618633E-21</Value>
          <Value Number="5">2.30054968479862E-26</Value>
          <Value Number="6">-4.65252973779181E-37</Value>
          <Value Number="7">0</Value>
          <Value Number="8">0</Value>
        </Values>
      </Step>
    </DefaultCalibration>
  </DefaultCalibrations>
</DefaultMassCalibration>