﻿<?xml version="1.0" encoding="UTF-8"?>
<DefaultMassCalibration xmlns:xsi="http://www.w3.org/2001/XMLSchema-instance" xsi:noNamespaceSchemaLocation="DefaultMassCal.xsd">
  <Version>1</Version>
  <DefaultCalibrations>
    <DefaultCalibration DefaultCalibrationID="1">
      <ApexCalibration>False</ApexCalibration>
      <Step Number="1">
        <CalibrationTechnique>ExternalReference</CalibrationTechnique>
        <CalibrationFormula>Traditional</CalibrationFormula>
        <NumberOfCoefficients>2</NumberOfCoefficients>
        <ValueUseFlags>0</ValueUseFlags>
        <Values>
          <Value Number="1">0.000348334930617549</Value>
          <Value Number="2">1016.83721650074</Value>
        </Values>
        <Weighting>0</Weighting>
      </Step>
      <Step Number="2">
        <CalibrationTechnique>ExternalReference</CalibrationTechnique>
        <CalibrationFormula>Polynomial</CalibrationFormula>
        <NumberOfCoefficients>8</NumberOfCoefficients>
        <ValueUseFlags>156</ValueUseFlags>
        <Values>
          <Value Number="1">32213.2099588624</Value>
          <Value Number="2">113013.795063812</Value>
          <Value Number="3">3.41656075641236E-12</Value>
          <Value Number="4">-1.1175048760942E-16</Value>
          <Value Number="5">9.15465565119422E-22</Value>
          <Value Number="6">-1.34660130218585E-37</Value>
          <Value Number="7">0</Value>
          <Value Number="8">0</Value>
        </Values>
      </Step>
    </DefaultCalibration>
  </DefaultCalibrations>
</DefaultMassCalibration>