<?xml version="1.0"?>
<doc>
    <assembly>
        <name>IMSDemultiplexer</name>
    </assembly>
    <members>
        <member name="T:IMSDemultiplexer.Smoothing.IWrappingSmoother">
            <summary>
            Interface for smoothing algorithm implementations
            </summary>
        </member>
        <member name="M:IMSDemultiplexer.Smoothing.IWrappingSmoother.Smooth(System.Double[])">
            <summary>
            Smooth an array
            </summary>
            <param name="input"></param>
            <returns></returns>
        </member>
        <member name="M:IMSDemultiplexer.Smoothing.IWrappingSmoother.Smooth(IMSDemultiplexer.NzDataArrayDbl)">
            <summary>
            Smooth a non-zero value list
            </summary>
            <param name="input"></param>
            <returns></returns>
        </member>
        <member name="M:IMSDemultiplexer.Smoothing.IWrappingSmoother.Smooth(System.Double[],System.Func{System.Int32,System.Int32},IMSDemultiplexer.SegmentData)">
            <summary>
            Smooth an array
            </summary>
            <param name="input"></param>
            <param name="reorderer">Output value reorderer</param>
            <param name="segments">Segments and output</param>
            <returns></returns>
        </member>
        <member name="M:IMSDemultiplexer.Smoothing.IWrappingSmoother.Smooth(IMSDemultiplexer.NzDataArrayDbl,System.Func{System.Int32,System.Int32},IMSDemultiplexer.SegmentData)">
            <summary>
            Smooth a non-zero value list
            </summary>
            <param name="input"></param>
            <param name="reorderer">Output value reorderer</param>
            <param name="segments">Segments and output</param>
            <returns></returns>
        </member>
        <member name="T:IMSDemultiplexer.Smoothing.MovingAverageSmoother">
            <summary>
            Moving Average smoothing implementation
            </summary>
        </member>
        <member name="M:IMSDemultiplexer.Smoothing.MovingAverageSmoother.#ctor(System.Int32)">
            <summary>
            Initializes a new instance of the <see cref="T:IMSDemultiplexer.Smoothing.MovingAverageSmoother"/> class.
            </summary>
            <param name="pointsForSmoothing">
            Points for smoothing.
            </param>
            <exception cref="T:System.ArgumentOutOfRangeException">
            </exception>
        </member>
        <member name="P:IMSDemultiplexer.Smoothing.MovingAverageSmoother.SmoothingPoints">
            <summary>
            Number of points for smoothing
            </summary>
        </member>
        <member name="M:IMSDemultiplexer.Smoothing.MovingAverageSmoother.Smooth(System.Double[])">
            <summary>
            Perform Smooth.
            </summary>
            <param name="input">
            Input values.
            </param>
            <returns>
            The smoothed values.
            </returns>
        </member>
        <member name="M:IMSDemultiplexer.Smoothing.MovingAverageSmoother.Smooth(IMSDemultiplexer.NzDataArrayDbl)">
            <summary>
            Perform Smooth.
            </summary>
            <param name="input">
            Input values.
            </param>
            <returns>
            The smoothed values.
            </returns>
        </member>
        <member name="M:IMSDemultiplexer.Smoothing.MovingAverageSmoother.Smooth(System.Double[],System.Func{System.Int32,System.Int32},IMSDemultiplexer.SegmentData)">
            <summary>
            Smooth an array
            </summary>
            <param name="input"></param>
            <param name="reorderer">Output value reorderer</param>
            <param name="segments">Segments and output</param>
            <returns></returns>
        </member>
        <member name="M:IMSDemultiplexer.Smoothing.MovingAverageSmoother.Smooth(IMSDemultiplexer.NzDataArrayDbl,System.Func{System.Int32,System.Int32},IMSDemultiplexer.SegmentData)">
            <summary>
            Smooth an array
            </summary>
            <param name="input"></param>
            <param name="reorderer">Output value reorderer</param>
            <param name="segments">Segments and output</param>
            <returns></returns>
        </member>
        <member name="M:IMSDemultiplexer.Smoothing.MovingAverageSmoother.Smooth(System.Double[],System.Action{System.Int32,System.Double})">
            <summary>
            Perform Smooth.
            </summary>
            <param name="input">
            Input values.
            </param>
            <param name="outputAssign">Output assignment method</param>
            <returns>
            The smoothed values.
            </returns>
        </member>
        <member name="M:IMSDemultiplexer.Smoothing.MovingAverageSmoother.Smooth(IMSDemultiplexer.NzDataArrayDbl,System.Action{System.Int32,System.Double})">
            <summary>
            Perform Smooth.
            </summary>
            <param name="input">
            Input values.
            </param>
            <param name="outputAssign">Output assignment method</param>
            <returns>
            The smoothed values.
            </returns>
        </member>
        <member name="M:IMSDemultiplexer.Smoothing.MovingAverageSmoother.IsEmpty(System.Double[])">
            <summary>
            Check if values are all zero
            </summary>
            <param name="inputValues">
            Input values.
            </param>
            <returns>
            The <see cref="T:System.Boolean"/>.
            </returns>
        </member>
        <member name="M:IMSDemultiplexer.Smoothing.MovingAverageSmoother.IsEmpty(IMSDemultiplexer.NzDataArrayDbl)">
            <summary>
            Check if values are all zero
            </summary>
            <param name="inputValues">
            Input values.
            </param>
            <returns>
            The <see cref="T:System.Boolean"/>.
            </returns>
        </member>
        <member name="T:IMSDemultiplexer.Smoothing.NoSmoother">
            <summary>
            No-op smoother
            </summary>
        </member>
        <member name="M:IMSDemultiplexer.Smoothing.NoSmoother.Smooth(System.Double[])">
            <summary>
            No-op smoother - returns input
            </summary>
            <param name="input"></param>
            <returns></returns>
        </member>
        <member name="M:IMSDemultiplexer.Smoothing.NoSmoother.Smooth(IMSDemultiplexer.NzDataArrayDbl)">
            <summary>
            No-op smoother - returns input
            </summary>
            <param name="input"></param>
            <returns></returns>
        </member>
        <member name="M:IMSDemultiplexer.Smoothing.NoSmoother.Smooth(System.Double[],System.Func{System.Int32,System.Int32},IMSDemultiplexer.SegmentData)">
            <summary>
            Smooth an array
            </summary>
            <param name="input"></param>
            <param name="reorderer">Output value reorderer</param>
            <param name="segments">Segments and output</param>
            <returns></returns>
        </member>
        <member name="M:IMSDemultiplexer.Smoothing.NoSmoother.Smooth(IMSDemultiplexer.NzDataArrayDbl,System.Func{System.Int32,System.Int32},IMSDemultiplexer.SegmentData)">
            <summary>
            Smooth an array
            </summary>
            <param name="input"></param>
            <param name="reorderer">Output value reorderer</param>
            <param name="segments">Segments and output</param>
            <returns></returns>
        </member>
        <member name="T:IMSDemultiplexer.Smoothing.SavGolSmoother">
            <summary>
            Savitzky Golay smoother. Special implementation because the data needs to be treated as a loop, not as data with specifically defined start and end points.
            </summary>
        </member>
        <member name="F:IMSDemultiplexer.Smoothing.SavGolSmoother.m_numPointsForSmoothing">
            <summary>
            Number of points for smoothing.
            </summary>
        </member>
        <member name="F:IMSDemultiplexer.Smoothing.SavGolSmoother.m_smoothingFiltersConjugateTranspose">
            <summary>
            Smoothing filters conjugate transpose.
            </summary>
        </member>
        <member name="M:IMSDemultiplexer.Smoothing.SavGolSmoother.#ctor(System.Int32,System.Int32)">
            <summary>
            Initializes a new instance of the <see cref="T:IMSDemultiplexer.Smoothing.SavGolSmoother"/> class.
            </summary>
            <param name="pointsForSmoothing">
            Points for smoothing.
            </param>
            <param name="polynomialOrder">
            Polynomial order.
            </param>
            <exception cref="T:System.ArgumentOutOfRangeException">
            </exception>
        </member>
        <member name="M:IMSDemultiplexer.Smoothing.SavGolSmoother.Smooth(System.Double[0:,0:]@)">
            <summary>
            Perform smooth.
            </summary>
            <param name="inputValues">
            Input values.
            </param>
        </member>
        <member name="M:IMSDemultiplexer.Smoothing.SavGolSmoother.SmoothOriginal(System.Double[])">
            <summary>
            Perform Smooth. Standard Savitzky-Golay with edge handling
            </summary>
            <param name="inputValues">
            Input values.
            </param>
            <returns>
            The smoothed values.
            </returns>
        </member>
        <member name="M:IMSDemultiplexer.Smoothing.SavGolSmoother.SmoothOriginal(IMSDemultiplexer.NzDataArrayDbl)">
            <summary>
            Perform Smooth. Standard Savitzky-Golay with edge handling, and some optimizations for skipping groups of consecutive zeros
            </summary>
            <param name="inputValues">
            Input values.
            </param>
            <returns>
            The smoothed values.
            </returns>
        </member>
        <member name="M:IMSDemultiplexer.Smoothing.SavGolSmoother.Smooth(System.Double[])">
            <summary>
            Perform Smooth.
            </summary>
            <param name="inputValues">
            Input values.
            </param>
            <returns>
            The smoothed values.
            </returns>
        </member>
        <member name="M:IMSDemultiplexer.Smoothing.SavGolSmoother.Smooth(IMSDemultiplexer.NzDataArrayDbl)">
            <summary>
            Perform Smooth.
            </summary>
            <param name="inputValues">
            Input values.
            </param>
            <returns>
            The smoothed values.
            </returns>
        </member>
        <member name="M:IMSDemultiplexer.Smoothing.SavGolSmoother.Smooth(System.Double[],System.Func{System.Int32,System.Int32},IMSDemultiplexer.SegmentData)">
            <summary>
            Perform Smooth.
            </summary>
            <param name="inputValues">
            Input values.
            </param>
            <param name="reorderer">Output value reorderer</param>
            <param name="segments">Segments and output</param>
            <returns>
            The smoothed values.
            </returns>
        </member>
        <member name="M:IMSDemultiplexer.Smoothing.SavGolSmoother.Smooth(IMSDemultiplexer.NzDataArrayDbl,System.Func{System.Int32,System.Int32},IMSDemultiplexer.SegmentData)">
            <summary>
            Perform Smooth.
            </summary>
            <param name="inputValues">
            Input values.
            </param>
            <param name="reorderer">Output value reorderer</param>
            <param name="segments">Segments and output</param>
            <returns>
            The smoothed values.
            </returns>
        </member>
        <member name="M:IMSDemultiplexer.Smoothing.SavGolSmoother.CalculateSmoothingFilters(System.Int32,System.Int32)">
            <summary>
            Calculate smoothing filters.
            </summary>
            <param name="polynomialOrder">
            Polynomial order.
            </param>
            <param name="filterLength">
            Filter length.
            </param>
            <returns>
            The <see cref="T:MathNet.Numerics.LinearAlgebra.Double.DenseMatrix"/>.
            </returns>
        </member>
        <member name="M:IMSDemultiplexer.Smoothing.SavGolSmoother.IsEmpty(System.Double[])">
            <summary>
            Check if values are all zero
            </summary>
            <param name="inputValues">
            Input values.
            </param>
            <returns>
            The <see cref="T:System.Boolean"/>.
            </returns>
        </member>
        <member name="M:IMSDemultiplexer.Smoothing.SavGolSmoother.IsEmpty(IMSDemultiplexer.NzDataArrayDbl)">
            <summary>
            Check if values are all zero
            </summary>
            <param name="inputValues">
            Input values.
            </param>
            <returns>
            The <see cref="T:System.Boolean"/>.
            </returns>
        </member>
        <member name="M:IMSDemultiplexer.Smoothing.SavGolSmoother.PostSmooth(System.Double[])">
            <summary>
            Post smooth actions
            </summary>
            <param name="inputValues">
            Input values.
            </param>
            <returns>
            The processed values.
            </returns>
        </member>
        <member name="M:IMSDemultiplexer.Smoothing.SavGolSmoother.PreSmooth(System.Double[])">
            <summary>
            Pre smooth actions
            </summary>
            <param name="inputValues">
            Input values.
            </param>
            <returns>
            The processed values.
            </returns>
        </member>
        <member name="M:IMSDemultiplexer.Smoothing.SavGolSmoother.PostSmooth(IMSDemultiplexer.NzDataArrayDbl)">
            <summary>
            Post smooth actions
            </summary>
            <param name="inputValues">
            Input values.
            </param>
            <returns>
            The processed values.
            </returns>
        </member>
        <member name="M:IMSDemultiplexer.Smoothing.SavGolSmoother.PreSmooth(IMSDemultiplexer.NzDataArrayDbl)">
            <summary>
            Pre smooth actions
            </summary>
            <param name="inputValues">
            Input values.
            </param>
            <returns>
            The processed values.
            </returns>
        </member>
        <member name="T:IMSDemultiplexer.Smoothing.SimpleSavGolaySmoother">
            <summary>
            Savitzky-Golay smoother that provides the Savitzky-Golay smoothing coefficients to WeightedMovingAverageSmoother. Provides different results from SavGolSmoother due to floating-point math differences.
            </summary>
        </member>
        <member name="M:IMSDemultiplexer.Smoothing.SimpleSavGolaySmoother.#ctor(System.Int32,System.Int32)">
            <summary>
            Initializes a new instance of the <see cref="T:IMSDemultiplexer.Smoothing.MovingAverageSmoother"/> class.
            </summary>
            <param name="pointsForSmoothing">
            Points for smoothing
            </param>
            <exception cref="T:System.ArgumentOutOfRangeException">
            </exception>
            <param name="polynomialOrder">
            Polynomial order
            </param>
        </member>
        <member name="M:IMSDemultiplexer.Smoothing.SimpleSavGolaySmoother.CalculateWeights(System.Int32,System.Int32)">
            <summary>
            Get the smoothing coefficients/weights for Savitzky-Golay smoothing
            </summary>
            <param name="pointsForSmoothing"></param>
            <param name="polynomialOrder"></param>
            <returns></returns>
        </member>
        <member name="M:IMSDemultiplexer.Smoothing.SimpleSavGolaySmoother.CalculateSmoothingFilters(System.Int32,System.Int32)">
            <summary>
            Calculate smoothing filters.
            </summary>
            <param name="polynomialOrder">
            Polynomial order.
            </param>
            <param name="filterLength">
            Filter length.
            </param>
            <returns>
            The <see cref="T:MathNet.Numerics.LinearAlgebra.Double.DenseMatrix"/>.
            </returns>
        </member>
        <member name="T:IMSDemultiplexer.Smoothing.SmootherCache">
            <summary>
            Cache smoothers, mostly to avoid some of the setup calculations for Savitzky-Golay
            </summary>
        </member>
        <member name="P:IMSDemultiplexer.Smoothing.SmootherCache.Instance">
            <summary>
            Singleton instance
            </summary>
        </member>
        <member name="M:IMSDemultiplexer.Smoothing.SmootherCache.GetSmoother(IMSDemultiplexer.SmoothingOption,System.Int32,System.Int32)">
            <summary>
            Get the cached smoother for the specified arguments.
            </summary>
            <param name="smootherType"></param>
            <param name="pointsForSmoothing"></param>
            <param name="polynomialOrder"></param>
            <returns></returns>
        </member>
        <member name="T:IMSDemultiplexer.Smoothing.WeightedMovingAverageSmoother">
            <summary>
            A moving average smoother that will take weights into account for the smoothing.
            </summary>
        </member>
        <member name="M:IMSDemultiplexer.Smoothing.WeightedMovingAverageSmoother.#ctor(System.Int32)">
            <summary>
            Initializes a new instance of the <see cref="T:IMSDemultiplexer.Smoothing.MovingAverageSmoother"/> class.
            </summary>
            <param name="pointsForSmoothing">
            Points for smoothing.
            </param>
            <exception cref="T:System.ArgumentOutOfRangeException">
            </exception>
        </member>
        <member name="P:IMSDemultiplexer.Smoothing.WeightedMovingAverageSmoother.DeltaWeights">
            <summary>
            Weights to use in calculating the moving average. 0 is weight at 0, 1 is weight at +/- 1, etc. Default is '1.0/SmoothingPoints' for all values; values should be relative to 1, so full weight is 1.0, half-weight is 0.5, etc.
            </summary>
        </member>
        <member name="P:IMSDemultiplexer.Smoothing.WeightedMovingAverageSmoother.SmoothingPoints">
            <summary>
            Number of points for smoothing
            </summary>
        </member>
        <member name="M:IMSDemultiplexer.Smoothing.WeightedMovingAverageSmoother.Smooth(System.Double[])">
            <summary>
            Perform Smooth.
            </summary>
            <param name="input">
            Input values.
            </param>
            <returns>
            The smoothed values.
            </returns>
        </member>
        <member name="M:IMSDemultiplexer.Smoothing.WeightedMovingAverageSmoother.Smooth(IMSDemultiplexer.NzDataArrayDbl)">
            <summary>
            Perform Smooth.
            </summary>
            <param name="input">
            Input values.
            </param>
            <returns>
            The smoothed values.
            </returns>
        </member>
        <member name="M:IMSDemultiplexer.Smoothing.WeightedMovingAverageSmoother.Smooth(System.Double[],System.Func{System.Int32,System.Int32},IMSDemultiplexer.SegmentData)">
            <summary>
            Smooth an array
            </summary>
            <param name="input"></param>
            <param name="reorderer">Output value reorderer</param>
            <param name="segments">Segments and output</param>
            <returns></returns>
        </member>
        <member name="M:IMSDemultiplexer.Smoothing.WeightedMovingAverageSmoother.Smooth(IMSDemultiplexer.NzDataArrayDbl,System.Func{System.Int32,System.Int32},IMSDemultiplexer.SegmentData)">
            <summary>
            Smooth an array
            </summary>
            <param name="input"></param>
            <param name="reorderer">Output value reorderer</param>
            <param name="segments">Segments and output</param>
            <returns></returns>
        </member>
        <member name="M:IMSDemultiplexer.Smoothing.WeightedMovingAverageSmoother.Smooth(System.Double[],System.Action{System.Int32,System.Double})">
            <summary>
            Perform Smooth.
            </summary>
            <param name="input">
            Input values.
            </param>
            <param name="outputAssign">Output assignment method</param>
            <returns>
            The smoothed values.
            </returns>
        </member>
        <member name="M:IMSDemultiplexer.Smoothing.WeightedMovingAverageSmoother.Smooth(IMSDemultiplexer.NzDataArrayDbl,System.Action{System.Int32,System.Double})">
            <summary>
            Perform Smooth.
            </summary>
            <param name="input">
            Input values.
            </param>
            <param name="outputAssign">Output assignment method</param>
            <returns>
            The smoothed values.
            </returns>
        </member>
        <member name="M:IMSDemultiplexer.Smoothing.WeightedMovingAverageSmoother.IsEmpty(System.Double[])">
            <summary>
            Check if values are all zero
            </summary>
            <param name="inputValues">
            Input values.
            </param>
            <returns>
            The <see cref="T:System.Boolean"/>.
            </returns>
        </member>
        <member name="M:IMSDemultiplexer.Smoothing.WeightedMovingAverageSmoother.IsEmpty(IMSDemultiplexer.NzDataArrayDbl)">
            <summary>
            Check if values are all zero
            </summary>
            <param name="inputValues">
            Input values.
            </param>
            <returns>
            The <see cref="T:System.Boolean"/>.
            </returns>
        </member>
        <member name="T:IMSDemultiplexer.Demultiplexer">
            <summary>
            Class for demultiplexing Ion Mobility Mass Spectrometry data.
            </summary>
        </member>
        <member name="F:IMSDemultiplexer.Demultiplexer.m_demultiplexerOptions">
            <summary>
            Demultiplexer options.
            </summary>
        </member>
        <member name="F:IMSDemultiplexer.Demultiplexer.m_indexToScanReverseMap">
            <summary>
            Index to scan reverse map.
            </summary>
        </member>
        <member name="F:IMSDemultiplexer.Demultiplexer.m_multiplierMatrix">
            <summary>
            Multiplier matrix.
            </summary>
        </member>
        <member name="F:IMSDemultiplexer.Demultiplexer.m_scanToIndexMap">
            <summary>
            Scan to index map.
            </summary>
        </member>
        <member name="F:IMSDemultiplexer.Demultiplexer.m_smoothingFactor">
            <summary>
            Smoothing factor.
            </summary>
        </member>
        <member name="F:IMSDemultiplexer.Demultiplexer.m_encodingPRS">
            <summary>
            Encoding PRS.
            </summary>
        </member>
        <member name="F:IMSDemultiplexer.Demultiplexer.m_minIntensityToProcessSegment">
            <summary>
            Minimum intensity to process segment.
            </summary>
        </member>
        <member name="F:IMSDemultiplexer.Demultiplexer.m_parallelOptions">
            <summary>
            Parallel processing options.
            </summary>
        </member>
        <member name="F:IMSDemultiplexer.Demultiplexer.m_segmentLength">
            <summary>
            Segment length.
            </summary>
        </member>
        <member name="M:IMSDemultiplexer.Demultiplexer.#ctor(IMSDemultiplexer.DemultiplexerOptions,System.Int32)">
            <summary>
            Initializes a new instance of the <see cref="T:IMSDemultiplexer.Demultiplexer"/> class.
            </summary>
            <param name="demultiplexerOptions">
            </param>
            <param name="numberOfCoresToUse">
            </param>
        </member>
        <member name="M:IMSDemultiplexer.Demultiplexer.#ctor(IMSDemultiplexer.DemultiplexerOptions)">
            <summary>
            Initializes a new instance of the <see cref="T:IMSDemultiplexer.Demultiplexer"/> class.
            </summary>
            <param name="demultiplexerOptions">
            </param>
        </member>
        <member name="P:IMSDemultiplexer.Demultiplexer.NumberOfSegments">
            <summary>
            Gets the number of segments.
            </summary>
        </member>
        <member name="M:IMSDemultiplexer.Demultiplexer.DemultiplexFrame(System.Collections.Generic.IReadOnlyList{System.Double[]},System.Boolean)">
            <summary>
            Demultiplexes a single frame of data.
            NOTE: This method expects the first index to be a bin number, and the second index to be a scan number
            </summary>
            <param name="intensityListsForSingleFrame">
            The data for the frame.
            </param>
            <param name="isReordered">
            True if the data has already been re-ordered in preparation for demultiplexing.
            </param>
            <returns>
            An enumerable collection of ScanData objects.
            </returns>
        </member>
        <member name="M:IMSDemultiplexer.Demultiplexer.DemultiplexFrame(System.Collections.Generic.IReadOnlyList{IMSDemultiplexer.NzDataArrayDbl},System.Boolean)">
            <summary>
            Demultiplexes a single frame of data.
            NOTE: This method expects the first index to be a scan number, and the second index (key) to be a bin number
            </summary>
            <param name="intensityListsForSingleFrame">
            The data for the frame.
            </param>
            <param name="isReordered">
            True if the data has already been re-ordered in preparation for demultiplexing.
            </param>
            <returns>
            An enumerable collection of ScanData objects.
            </returns>
        </member>
        <member name="M:IMSDemultiplexer.Demultiplexer.DemultiplexFrameInverted(System.Collections.Generic.IReadOnlyList{IMSDemultiplexer.NzDataArrayDbl},System.Boolean)">
            <summary>
            Demultiplexes a single frame of data.
            NOTE: This method expects the first index to be a scan number, and the second index (key) to be a bin number
            </summary>
            <param name="intensityListsForSingleFrame">
            The data for the frame.
            </param>
            <param name="isReordered">
            True if the data has already been re-ordered in preparation for demultiplexing.
            </param>
            <returns>
            An enumerable collection of ScanData objects.
            </returns>
        </member>
        <member name="M:IMSDemultiplexer.Demultiplexer.MathMod(System.Int32,System.Int32)">
            <summary>
            True Math Modulo based on http://stackoverflow.com/questions/2691025/mathematical-modulus-in-c-sharp and
            http://en.wikipedia.org/wiki/Modular_arithmetic
            Prevents negative values for the mod (which should not be allowed). C#'s % operator is actually a remainder
            operator that can return a negative value.
            </summary>
            <param name="valueToMod">
            </param>
            <param name="modValue">
            </param>
            <returns>
            The <see cref="T:System.Int32"/>.
            </returns>
        </member>
        <member name="M:IMSDemultiplexer.Demultiplexer.MaxIndex(System.Collections.Generic.List{System.Double})">
            <summary>
            </summary>
            <param name="doubleList">
            </param>
            <returns>
            The <see cref="T:System.Int32"/>.
            </returns>
        </member>
        <member name="M:IMSDemultiplexer.Demultiplexer.ComputeSums(System.Collections.Generic.ICollection{System.Int32},System.Collections.Generic.IList{System.Double},System.Collections.Generic.IList{System.Double})">
            <summary>
            From assumed index of the start of the PRS, the sum is calculated for all values where the bit of the PRS is 1.
            </summary>
            <param name="indexList">
            List containing the indexes to compute the sums
            </param>
            <param name="multiplexedVectorList">
            The multiplexed vector
            </param>
            <param name="originalMultiplexedVector">
            Unmodified multiplexed vector
            </param>
            <returns>
            Returns a dictionary containing all sums with indexes if sum &gt; 0
            </returns>
        </member>
        <member name="M:IMSDemultiplexer.Demultiplexer.ConvertDemuxListToScanData(System.Collections.Generic.IList{System.Collections.Concurrent.ConcurrentBag{System.Collections.Generic.KeyValuePair{System.Int32,System.Double}}})">
            <summary>
            Converts the demultiplexed frame into an enumerable collection of ScanData objects.
            Converting to ScanData objects allows for easy writing to UIMF files.
            NOTE: This method expects the first index to be a scan number, and the second index (key) to be a bin number
            </summary>
            <param name="demultiplexedFrame">
            The data for the demultiplexed frame.
            </param>
            <returns>
            An enumerable collection of ScanData objects.
            </returns>
        </member>
        <member name="M:IMSDemultiplexer.Demultiplexer.DemultiplexFrame(System.Collections.Generic.IReadOnlyList{System.Double[]})">
            <summary>
            Demultiplexes a single frame of data. The frame data should not be reordered.
            NOTE: This method expects the first index to be a bin number, and the second index to be a scan number
            </summary>
            <param name="intensityArraysForSingleFrame">
            The data for the frame.
            </param>
            <returns>
            An enumerable collection of ScanData objects.
            </returns>
        </member>
        <member name="M:IMSDemultiplexer.Demultiplexer.DemultiplexFrame(System.Collections.Generic.IReadOnlyList{IMSDemultiplexer.NzDataArrayDbl})">
            <summary>
            Demultiplexes a single frame of data. The frame data should not be reordered.
            NOTE: This method expects the first index to be a bin number, and the second index (key) to be a scan number
            </summary>
            <param name="intensityArraysForSingleFrame">
            The data for the frame.
            </param>
            <returns>
            An enumerable collection of ScanData objects.
            </returns>
        </member>
        <member name="M:IMSDemultiplexer.Demultiplexer.DemultiplexBinSegmentedData(System.Int32,IMSDemultiplexer.SegmentData)">
            <summary>
            Demultiplexing: process the segments for an individual bin
            </summary>
            <param name="binIndex"></param>
            <param name="segments"></param>
            <returns></returns>
        </member>
        <member name="M:IMSDemultiplexer.Demultiplexer.DemultiplexFrameInverted(System.Collections.Generic.IReadOnlyList{IMSDemultiplexer.NzDataArrayDbl})">
            <summary>
            Demultiplexes a single frame of data. The frame data should not be reordered.
            NOTE: This method expects the first index to be a scan number, and the second index (key) to be a bin number
            </summary>
            <param name="intensityArraysForSingleFrame">
            The data for the frame.
            </param>
            <returns>
            An enumerable collection of ScanData objects.
            </returns>
        </member>
        <member name="M:IMSDemultiplexer.Demultiplexer.Initialize(IMSDemultiplexer.DemultiplexerOptions,System.Int32)">
            <summary>
            Constructor
            </summary>
            <param name="demultiplexerOptions">
            </param>
            <param name="numberOfCoresToUse">
            Number of cores to use; -1 to use all cores
            </param>
        </member>
        <member name="M:IMSDemultiplexer.Demultiplexer.IsValidSignal(System.Collections.Generic.IList{System.Double},System.Int32)">
            <summary>
            Asserts whether the index is a valid signal in the multiplexed vector by
            comparing the locations of the "1s" in the PRS.
            </summary>
            <param name="multiplexedVector">
            Multiplexed dense vector
            </param>
            <param name="index">
            Index of potential valid signal
            </param>
            <returns>
            returns true if the index corresponds to a valid signal, false otherwise
            </returns>
        </member>
        <member name="M:IMSDemultiplexer.Demultiplexer.ProcessSegment(System.Collections.Generic.IList{System.Double},System.Collections.Generic.IList{System.Double})">
            <summary>
            Processes segment in order to determine whether it is a true signal or not based on subtracting possible candidate real signal from the multiplexed data.
            </summary>
            <param name="multiplexedDenseVector">
            Multiplexed dense vector
            </param>
            <param name="demultiplexedDenseVector">
            Demultiplexed dense vector
            </param>
            <returns>
            returns the processed dense vector with only the real data.
            </returns>
        </member>
        <member name="M:IMSDemultiplexer.Demultiplexer.TryBaseCase(System.Collections.Generic.IList{System.Double},MathNet.Numerics.LinearAlgebra.Double.DenseVector,MathNet.Numerics.LinearAlgebra.Double.DenseVector@)">
            <summary>
            TryBaseCase takes the multiplexed dense vector and demultiplexed dense vector and computes the sum of the demultiplexed dense vector.
            If the sum equals a unique value in the demultiplexed vector, a test to build up a valid PRS is initiated.
            If the PRS is deemed valid, the value that is the true signal is set at the correct true index in the return dense vector.
            </summary>
            <param name="multiplexedDenseVector">
            Dense vector of the multiplexed data
            </param>
            <param name="demultiplexedDenseVector">
            Dense vector of demultiplexed data
            </param>
            <param name="returnDenseSegment">
            Return dense vector either with true signal or original demultiplexed values
            </param>
            <returns>
            true if return segment contains nothing or true signal. false otherwise.
            </returns>
        </member>
        <member name="T:IMSDemultiplexer.DemultiplexerOptions">
            <summary>
            The demultiplexer options.
            </summary>
        </member>
        <member name="T:IMSDemultiplexer.DemultiplexerOptions.MultiplexingEncodingScheme">
            <summary>
            Multiplexing scheme types based on shifted PRS.
            </summary>
        </member>
        <member name="F:IMSDemultiplexer.DemultiplexerOptions.MultiplexingEncodingScheme.PNNL">
            <summary>
            PNNL default bit sequence scheme
            </summary>
        </member>
        <member name="F:IMSDemultiplexer.DemultiplexerOptions.MultiplexingEncodingScheme.Agilent">
            <summary>
            Agilent default bit sequence scheme
            </summary>
        </member>
        <member name="M:IMSDemultiplexer.DemultiplexerOptions.#ctor(System.String,System.Int32)">
            <summary>
            Initializes a new instance of the <see cref="T:IMSDemultiplexer.DemultiplexerOptions"/> class.
            </summary>
            <param name="bitSequence">
            The bit sequence, for example "100110101111000"
            Lookup using GetBitSequence(numberOfBits)
            </param>
            <param name="numScansInFrame">The number of scans expected to be in a frame; UIMF files: can use UimfReader.GlobalParams.GetValueInt32(GlobalParamKeyType.PrescanTOFPulses)</param>
        </member>
        <member name="M:IMSDemultiplexer.DemultiplexerOptions.#ctor">
            <summary>
            Initializes a new instance of the <see cref="T:IMSDemultiplexer.DemultiplexerOptions"/> class.
            </summary>
        </member>
        <member name="M:IMSDemultiplexer.DemultiplexerOptions.#ctor(System.String)">
            <summary>
            Initializes a new instance of the <see cref="T:IMSDemultiplexer.DemultiplexerOptions"/> class.
            </summary>
            <param name="fileName">
            </param>
        </member>
        <member name="P:IMSDemultiplexer.DemultiplexerOptions.BitSequence">
            <summary>
            Gets the bit sequence.
            </summary>
        </member>
        <member name="P:IMSDemultiplexer.DemultiplexerOptions.IndexToScanReverseMap">
            <summary>
            Gets the index to scan reverse map.
            </summary>
        </member>
        <member name="P:IMSDemultiplexer.DemultiplexerOptions.MultiplierMatrix">
            <summary>
            Gets the multiplier matrix.
            </summary>
        </member>
        <member name="P:IMSDemultiplexer.DemultiplexerOptions.NumberOfSegments">
            <summary>
            Gets the number of segments.
            </summary>
        </member>
        <member name="P:IMSDemultiplexer.DemultiplexerOptions.ScanToIndexMap">
            <summary>
            Gets the scan to index map.
            </summary>
        </member>
        <member name="P:IMSDemultiplexer.DemultiplexerOptions.SegmentLength">
            <summary>
            Gets the segment length.
            </summary>
        </member>
        <member name="P:IMSDemultiplexer.DemultiplexerOptions.SmoothingAlgorithm">
            <summary>
            The smoothing algorithm to use across drift scans before demultiplexing the TOF bin
            </summary>
        </member>
        <member name="M:IMSDemultiplexer.DemultiplexerOptions.GetBitSequence(System.Int32,IMSDemultiplexer.DemultiplexerOptions.MultiplexingEncodingScheme)">
            <summary>
            Get the bit sequence string for the given number of bits
            </summary>
            <param name="numberOfBits">Number of bits</param>
            <param name="encodingScheme">Multiplexing encoding scheme</param>
            <returns>
            Bit sequence string
            </returns>
        </member>
        <member name="M:IMSDemultiplexer.DemultiplexerOptions.InitMultiplierMatrixUsingCSV(System.String,System.String)">
            <summary>
            Initializes a new instance of the <see cref="T:IMSDemultiplexer.DemultiplexerOptions"/> class.
            </summary>
            <param name="filePath">
            </param>
            <param name="bitSequence">Bit sequence, for example "100110101111000"
            </param>
        </member>
        <member name="M:IMSDemultiplexer.DemultiplexerOptions.BuildScanToIndexMap">
            <summary>
            Build a Map between the scan number and the index that should be used for demultiplexing.
            This map provides the mapping necessary to re-order the data to prepare it for demultiplexing.
            </summary>
        </member>
        <member name="M:IMSDemultiplexer.DemultiplexerOptions.ConvertScanToIndex(System.Int32)">
            <summary>
            Converts a scan number to an index value based on the number of segments and segment length for the demultiplexing scheme.
            </summary>
            <param name="scanNumber">
            The scan number to be used for the conversion.
            </param>
            <returns>
            The converted index value.
            </returns>
        </member>
        <member name="T:IMSDemultiplexer.DescriptiveStatisticsUtility">
            <summary>
            Descriptive statistics utility.
            </summary>
        </member>
        <member name="M:IMSDemultiplexer.DescriptiveStatisticsUtility.CalculateDescriptiveStatisticsEntireBin(System.Int32,System.Collections.Generic.Dictionary{System.Int32,System.Double})">
            <summary>
            Calculate descriptive statistics for an entire bin.
            </summary>
            <param name="tofBinIndex">
            TOF bin index.
            </param>
            <param name="intensityForSingleBin">
            Intensity for single bin.
            </param>
            <returns>
            The <see cref="T:IMSDemultiplexer.TofBinDescriptiveStatistics"/>.
            </returns>
        </member>
        <member name="M:IMSDemultiplexer.DescriptiveStatisticsUtility.calculateDescriptiveStatisticsNegativeValues(System.Int32,System.Collections.Generic.Dictionary{System.Int32,System.Double})">
            <summary>
            Calculate descriptive statistics for negative values.
            </summary>
            <param name="tofBinIndex">
            TOF bin index.
            </param>
            <param name="intensityForSingleBin">
            Intensity for single bin.
            </param>
            <returns>
            The <see cref="T:IMSDemultiplexer.TofBinDescriptiveStatistics"/>.
            </returns>
        </member>
        <member name="T:IMSDemultiplexer.ExtensionMethods">
            <summary>
            Extension methods.
            </summary>
        </member>
        <member name="M:IMSDemultiplexer.ExtensionMethods.Max(System.Collections.Generic.Dictionary{System.Int32,System.Double})">
            <summary>
            Returns KeyValuePair with the index as the key and maximum value as the value
            </summary>
            <param name="sumDictionary">
            </param>
            <returns>
            Keyvalue pair
            </returns>
        </member>
        <member name="T:IMSDemultiplexer.FilterControl">
            <summary>
            Filter control.
            </summary>
        </member>
        <member name="M:IMSDemultiplexer.FilterControl.#ctor">
            <summary>
            Initializes a new instance of the <see cref="T:IMSDemultiplexer.FilterControl"/> class.
            </summary>
        </member>
        <member name="P:IMSDemultiplexer.FilterControl.BoxCarLength">
            <summary>
            Gets or sets the box car length.
            </summary>
        </member>
        <member name="P:IMSDemultiplexer.FilterControl.BoxCarMinValue">
            <summary>
            Gets or sets the box car min value.
            </summary>
        </member>
        <member name="P:IMSDemultiplexer.FilterControl.DoBoxCarFilter">
            <summary>
            Gets or sets a value indicating whether do box car filter.
            </summary>
        </member>
        <member name="P:IMSDemultiplexer.FilterControl.DoSpuriousNoiseRemoval">
            <summary>
            Gets or sets a value indicating whether do spurious noise removal.
            </summary>
        </member>
        <member name="P:IMSDemultiplexer.FilterControl.DoSpuriousPeakRemoval">
            <summary>
            Gets or sets a value indicating whether do spurious peak removal.
            </summary>
        </member>
        <member name="P:IMSDemultiplexer.FilterControl.MaxDriftTimeInNanoSeconds">
            <summary>
            Gets or sets the max drift time in nano seconds.
            </summary>
        </member>
        <member name="P:IMSDemultiplexer.FilterControl.MinDriftTimeInNanoSeconds">
            <summary>
            Gets or sets the min drift time in nano seconds.
            </summary>
        </member>
        <member name="P:IMSDemultiplexer.FilterControl.MinIntensityToProcessSegment">
            <summary>
            Gets or sets the min intensity to process segment.
            </summary>
        </member>
        <member name="P:IMSDemultiplexer.FilterControl.MinValueToKeep">
            <summary>
            Gets or sets the min value to keep.
            </summary>
        </member>
        <member name="P:IMSDemultiplexer.FilterControl.SpuriousNoiseChunkSizeinNanoSeconds">
            <summary>
            Gets or sets the spurious noise chunk sizein nano seconds.
            </summary>
        </member>
        <member name="P:IMSDemultiplexer.FilterControl.SpuriousNoiseMinNumPoints">
            <summary>
            Gets or sets the spurious noise min num points.
            </summary>
        </member>
        <member name="P:IMSDemultiplexer.FilterControl.SpuriousPeakMinGap">
            <summary>
            Gets or sets the spurious peak min gap.
            </summary>
        </member>
        <member name="T:IMSDemultiplexer.FrameDemultiplexer">
            <summary>
            Class for demultiplexing Ion Mobility Mass Spectrometry data, for a single frame. Designed to be used by external code in parallel, supports adding data from multiple threads.
            </summary>
        </member>
        <member name="F:IMSDemultiplexer.FrameDemultiplexer.demultiplexerOptions">
            <summary>
            Demultiplexer options.
            </summary>
        </member>
        <member name="F:IMSDemultiplexer.FrameDemultiplexer.indexToScanReverseMap">
            <summary>
            Index to scan reverse map.
            </summary>
        </member>
        <member name="F:IMSDemultiplexer.FrameDemultiplexer.multiplierMatrix">
            <summary>
            Multiplier matrix.
            </summary>
        </member>
        <member name="F:IMSDemultiplexer.FrameDemultiplexer.scanToIndexMap">
            <summary>
            Scan to index map.
            </summary>
        </member>
        <member name="F:IMSDemultiplexer.FrameDemultiplexer.smoothingFactor">
            <summary>
            Smoothing factor.
            </summary>
        </member>
        <member name="F:IMSDemultiplexer.FrameDemultiplexer.encodingPRS">
            <summary>
            Encoding PRS.
            </summary>
        </member>
        <member name="F:IMSDemultiplexer.FrameDemultiplexer.minIntensityToProcessSegment">
            <summary>
            Minimum intensity to process segment.
            </summary>
        </member>
        <member name="F:IMSDemultiplexer.FrameDemultiplexer.segmentLength">
            <summary>
            Segment length.
            </summary>
        </member>
        <member name="F:IMSDemultiplexer.FrameDemultiplexer.DriftSmoothingMethod">
            <summary>
            Drift smoothing method: Parameters are unsmoothed data and a matching-size empty object.
            </summary>
        </member>
        <member name="F:IMSDemultiplexer.FrameDemultiplexer.minValidSignalPoints">
            <summary>
            Minimum number of signal points matching the '1' in the mux sequence to determine 'true signal'
            </summary>
        </member>
        <member name="F:IMSDemultiplexer.FrameDemultiplexer.requireAllValidSignalPoints">
            <summary>
            True if there must be signal points matching all '1's in the mux sequence
            </summary>
        </member>
        <member name="M:IMSDemultiplexer.FrameDemultiplexer.#ctor(IMSDemultiplexer.DemultiplexerOptions,System.Int32,System.Action{IMSDemultiplexer.NzDataArrayDbl,IMSDemultiplexer.NzDataArrayDbl},System.Double)">
            <summary>
            Initializes a new instance of the <see cref="T:IMSDemultiplexer.Demultiplexer"/> class.
            </summary>
            <param name="demultiplexerOptions">
            </param>
            <param name="numScans">Number of scans in the frame</param>
            <param name="driftSmoothingMethod">Drift Smoothing method; parameters are unsmoothed data and an empty (matching size) object for the smoothed data</param>
            <param name="minimumPercentValidSignal">Minimum percentage of signal points that match the mux sequence '1's to allow outputting a point as "true signal". Value is forced in the range 50-100</param>
        </member>
        <member name="M:IMSDemultiplexer.FrameDemultiplexer.#ctor(IMSDemultiplexer.DemultiplexerOptions,System.Int32)">
            <summary>
            Initializes a new instance of the <see cref="T:IMSDemultiplexer.Demultiplexer"/> class.
            </summary>
            <param name="demultiplexerOptions">
            </param>
            <param name="numScans">Number of scans in the frame</param>
        </member>
        <member name="P:IMSDemultiplexer.FrameDemultiplexer.NumberOfSegments">
            <summary>
            Gets the number of segments.
            </summary>
        </member>
        <member name="P:IMSDemultiplexer.FrameDemultiplexer.DemultiplexingResults">
            <summary>
            Results from demultiplexing. Only complete when all data has been added for the frame.
            </summary>
        </member>
        <member name="M:IMSDemultiplexer.FrameDemultiplexer.AddDataForTOFBin(System.Int32,System.Double[],System.Boolean,IMSDemultiplexer.FrameDemultiplexer.TofBinDataObjects)">
            <summary>
            Demultiplex the data for a single TOF bin for an entire frame.
            </summary>
            <param name="tofBin">The TOF bin of intensityList</param>
            <param name="intensityList">
            The data for the TOF bin (across all scans in the frame).
            </param>
            <param name="isReordered">
            True if the data has already been re-ordered in preparation for demultiplexing.
            </param>
            <param name="dataObjects">Re-usable data objects to minimize memory allocation conflicts. If null, these objects will be managed internally. Values are reset before this method returns.</param>
        </member>
        <member name="M:IMSDemultiplexer.FrameDemultiplexer.AddDataForTOFBin(System.Int32,IMSDemultiplexer.NzDataArrayDbl,System.Boolean,IMSDemultiplexer.FrameDemultiplexer.TofBinDataObjects)">
            <summary>
            Demultiplex the data for a single TOF bin for an entire frame.
            </summary>
            <param name="tofBin">The TOF bin of intensityList</param>
            <param name="intensityList">
            The data for the TOF bin (across all scans in the frame).
            </param>
            <param name="isReordered">
            True if the data has already been re-ordered in preparation for demultiplexing.
            </param>
            <param name="dataObjects">Re-usable data objects to minimize memory allocation conflicts. If null, these objects will be managed internally. Values are reset before this method returns.</param>
        </member>
        <member name="M:IMSDemultiplexer.FrameDemultiplexer.GetThreadLocalDataObjects">
            <summary>
            Get a re-usable data object for processing a single bin of data. This is only public to allow external programs to use it as thread-local data.
            </summary>
            <returns></returns>
        </member>
        <member name="M:IMSDemultiplexer.FrameDemultiplexer.CheckThreadLocalDataObjects(IMSDemultiplexer.FrameDemultiplexer.TofBinDataObjects)">
            <summary>
            Checks the thread-local data object to see if it is compatible with this instance of <see cref="T:IMSDemultiplexer.FrameDemultiplexer"/>.
            If it is, it is returned; if not, a new object is allocated and returned.
            </summary>
            <returns></returns>
        </member>
        <member name="T:IMSDemultiplexer.FrameDemultiplexer.TofBinDataObjects">
            <summary>
            Data container to facilitate object re-use and reset; contents are internal only, class is public to support external thread-local data
            </summary>
            <remarks>
            On systems with a single physical processor, all threads in a program share a single heap (SOH and LOH).
            This means that only one thread can allocate memory at a time, leading to potential resource contention
            when allocating memory. The easy solution is using the server-mode GC, but that is only ever used on
            systems with 2+ physical processors. The workaround is to re-use previously allocated objects,
            especially because they can be reset to a default state in parallel.
            </remarks>
        </member>
        <member name="F:IMSDemultiplexer.FrameDemultiplexer.tofBinDataObjectCache">
            <summary>
            Cache to permit object re-use
            </summary>
        </member>
        <member name="M:IMSDemultiplexer.FrameDemultiplexer.GetTofBinDataObjects">
            <summary>
            Get a re-usable data object for processing a single bin of data. This is only public to allow external programs to use it as thread-local data.
            </summary>
            <returns></returns>
        </member>
        <member name="M:IMSDemultiplexer.FrameDemultiplexer.CacheTofBinDataObjects(IMSDemultiplexer.FrameDemultiplexer.TofBinDataObjects)">
            <summary>
            Return a data object to the cache for re-use
            </summary>
            <param name="data"></param>
        </member>
        <member name="M:IMSDemultiplexer.FrameDemultiplexer.MathMod(System.Int32,System.Int32)">
            <summary>
            True Math Modulo based on http://stackoverflow.com/questions/2691025/mathematical-modulus-in-c-sharp and
            http://en.wikipedia.org/wiki/Modular_arithmetic
            Prevents negative values for the mod (which should not be allowed). C#'s % operator is actually a remainder
            operator that can return a negative value.
            </summary>
            <param name="valueToMod">
            </param>
            <param name="modValue">
            </param>
            <returns>
            The <see cref="T:System.Int32"/>.
            </returns>
        </member>
        <member name="M:IMSDemultiplexer.FrameDemultiplexer.MaxIndex(System.Collections.Generic.List{System.Double})">
            <summary>
            </summary>
            <param name="doubleList">
            </param>
            <returns>
            The <see cref="T:System.Int32"/>.
            </returns>
        </member>
        <member name="M:IMSDemultiplexer.FrameDemultiplexer.ConvertDemuxListToScanData(System.Collections.Generic.IList{System.Collections.Concurrent.ConcurrentBag{System.Collections.Generic.KeyValuePair{System.Int32,System.Double}}})">
            <summary>
            Converts the demultiplexed frame into an enumerable collection of ScanData objects.
            Converting to ScanData objects allows for easy writing to UIMF files.
            NOTE: This method expects the first index to be a scan number, and the second index (key) to be a bin number
            </summary>
            <param name="demultiplexedFrame">
            The data for the demultiplexed frame.
            </param>
            <returns>
            An enumerable collection of ScanData objects.
            </returns>
        </member>
        <member name="M:IMSDemultiplexer.FrameDemultiplexer.AddDataForTOFBin(System.Int32,System.Double[],IMSDemultiplexer.FrameDemultiplexer.TofBinDataObjects)">
            <summary>
            Demultiplex the data for a single TOF bin for an entire frame. The frame data should not be reordered.
            </summary>
            <param name="tofBin">The TOF bin of intensityArrayForSingleTofBin</param>
            <param name="intensityArrayForSingleTofBin">
            The data for the TOF bin (across all scans in the frame).
            </param>
            <param name="dataObjects">Re-usable data objects to minimize memory allocation conflicts</param>
        </member>
        <member name="M:IMSDemultiplexer.FrameDemultiplexer.AddDataForTOFBin(System.Int32,IMSDemultiplexer.NzDataArrayDbl,IMSDemultiplexer.FrameDemultiplexer.TofBinDataObjects)">
            <summary>
            Demultiplex the data for a single TOF bin for an entire frame. The frame data should not be reordered.
            </summary>
            <param name="tofBin">The TOF bin of intensityArrayForSingleTofBin</param>
            <param name="intensityArrayForSingleTofBin">
            The data for the TOF bin (across all scans in the frame).
            </param>
            <param name="dataObjects">Re-usable data objects to minimize memory allocation conflicts</param>
        </member>
        <member name="M:IMSDemultiplexer.FrameDemultiplexer.AddSegmentDataForTOFBin(System.Int32,IMSDemultiplexer.SegmentData,IMSDemultiplexer.FrameDemultiplexer.TofBinDataObjects)">
            <summary>
            Demultiplexing: processes the segments for an individual TOF bin
            </summary>
            <param name="tofBin">The TOF bin of the data in segments</param>
            <param name="segments">The data segments for the TOF bin</param>
            <param name="dataObjects">Re-usable data objects to minimize memory allocation conflicts</param>
        </member>
        <member name="M:IMSDemultiplexer.FrameDemultiplexer.VectorMatrixMultiply(System.Double[],MathNet.Numerics.LinearAlgebra.Double.DenseMatrix,System.Double[])">
            <summary>
            Vector-by-matrix multiplication. Robust enough (and fast enough) for our purposes.
            </summary>
            <param name="vector"></param>
            <param name="multMatrix"></param>
            <param name="result"></param>
            <remarks>Originally MathNet.Numerics matrix multiply was used instead, but that needs to allocate several chunks of memory. Here we are re-using existing objects.</remarks>
        </member>
        <member name="M:IMSDemultiplexer.FrameDemultiplexer.IsValidSignal(System.Collections.Generic.IList{System.Double},System.Int32)">
            <summary>
            Asserts whether the index is a valid signal in the multiplexed vector by comparing the locations of the "1s" in the PRS.
            </summary>
            <param name="multiplexedVector">Multiplexed dense vector</param>
            <param name="index">Index of potential valid signal</param>
            <returns>returns true if the index corresponds to a valid signal, false otherwise</returns>
        </member>
        <member name="M:IMSDemultiplexer.FrameDemultiplexer.IsValidSignalAllPoints(System.Collections.Generic.IList{System.Double},System.Int32)">
            <summary>
            Asserts whether the index is a valid signal in the multiplexed vector by comparing the locations of the "1s" in the PRS.
            </summary>
            <param name="multiplexedVector">Multiplexed dense vector</param>
            <param name="index">Index of potential valid signal</param>
            <returns>returns true if the index corresponds to a valid signal, false otherwise</returns>
            <remarks>
            This method checks to make sure that there is &gt;0 data at each point in multiplexed vector where there should be &gt;0 data for this index.
            If there is any point that is &lt;=0, then the value at that index is deemed false signal.
            </remarks>
        </member>
        <member name="M:IMSDemultiplexer.FrameDemultiplexer.IsValidSignalXPoints(System.Collections.Generic.IList{System.Double},System.Int32)">
            <summary>
            Asserts whether the index is a valid signal in the multiplexed vector by comparing the locations of the "1s" in the PRS, only requiring <see cref="F:IMSDemultiplexer.FrameDemultiplexer.minValidSignalPoints"/> matches to return true.
            </summary>
            <param name="multiplexedVector">Multiplexed dense vector</param>
            <param name="index">Index of potential valid signal</param>
            <returns>returns true if the index corresponds to a valid signal, false otherwise</returns>
            <remarks>
            This method checks to make sure that there is &gt;0 data at each point in multiplexed vector where there should be &gt;0 data for this index.
            If there are &gt;=<see cref="F:IMSDemultiplexer.FrameDemultiplexer.minValidSignalPoints"/> points that are &gt;0, then the value at that index is deemed true signal.
            </remarks>
        </member>
        <member name="M:IMSDemultiplexer.FrameDemultiplexer.GetMaxSumIndex(System.Collections.Generic.ICollection{System.Int32},System.Collections.Generic.IList{System.Double},System.Collections.Generic.IList{System.Double})">
            <summary>
            From assumed index of the start of the PRS, the sum is calculated for all values where the bit of the PRS is 1.
            </summary>
            <param name="indexList">
            List containing the indexes to compute the sums
            </param>
            <param name="multiplexedVectorList">
            The multiplexed vector
            </param>
            <param name="originalMultiplexedVector">
            Unmodified multiplexed vector
            </param>
            <returns>
            Returns the index of the maximum sum, or -1 if no sums are &gt;0
            </returns>
        </member>
        <member name="M:IMSDemultiplexer.FrameDemultiplexer.ProcessSegment(System.Double[],System.Double[],System.Double[],System.Collections.Generic.HashSet{System.Int32})">
            <summary>
            Processes segment in order to determine whether it is a true signal or not based on subtracting possible candidate real signal from the multiplexed data.
            </summary>
            <param name="multiplexedDenseVector">
            Multiplexed dense vector
            </param>
            <param name="demultiplexedDenseVector">
            Demultiplexed dense vector
            </param>
            <param name="createdDenseVector">An initialized (to 0) vector for the results, returns the processed dense vector with only the real data</param>
            <param name="inclusionHashSet">A re-usable hashset, with no current values</param>
        </member>
        <member name="M:IMSDemultiplexer.FrameDemultiplexer.TryBaseCase(System.Double[],System.Double[],System.Double[])">
            <summary>
            TryBaseCase takes the multiplexed dense vector and demultiplexed dense vector and computes the sum of the demultiplexed dense vector.
            If the sum equals a unique value in the demultiplexed vector, a test to build up a valid PRS is initiated.
            If the PRS is deemed valid, the value that is the true signal is set at the correct true index in the return dense vector.
            </summary>
            <param name="multiplexedDenseVector">
            Dense vector of the multiplexed data
            </param>
            <param name="demultiplexedDenseVector">
            Dense vector of demultiplexed data
            </param>
            <param name="returnDenseSegment">
            Return dense vector either with true signal or original demultiplexed values
            </param>
            <returns>
            true if return segment contains nothing or true signal. false otherwise.
            </returns>
            <remarks>
            The objective of this method is to separate clean data from noisy/interfered data; clean data will have one false (ignored) or true (returned) match,
            while noisy/interfered data is either ignored due to multiple matches (why?), or sent on for further processing to extract true signal.
            </remarks>
        </member>
        <member name="T:IMSDemultiplexer.MatrixCreator">
            <summary>
            Matrix creator.
            </summary>
        </member>
        <member name="M:IMSDemultiplexer.MatrixCreator.CreateMatrixForDemultiplexing(System.String)">
            <summary>
            Creates the matrix for demultiplexing operations based on a given input string
            </summary>
            <param name="inputString">
            </param>
            <returns>
            The <see cref="T:MathNet.Numerics.LinearAlgebra.Double.DenseMatrix"/>.
            </returns>
        </member>
        <member name="M:IMSDemultiplexer.MatrixCreator.CsvWriter(System.Collections.Generic.IEnumerable{System.Double},System.String,System.Int32,System.Int32)">
            <summary>
            Writes an IEnumerable&lt;double&gt; to text file.
            </summary>
            <param name="printItems">
            Items to be printed, assumed to be vector
            </param>
            <param name="fileName">
            The file name to store the printed items
            </param>
            <param name="segmentStartIndex">
            Index of the segment in the entire scan vector
            </param>
            <param name="numberOfScans">
            The number of scans for that particular encoding
            </param>
        </member>
        <member name="M:IMSDemultiplexer.MatrixCreator.CsvWriter(System.Collections.Generic.IEnumerable{System.Int32},System.String,System.Int32,System.Int32)">
            <summary>
            Writes an IEnumerable&lt;int&gt; to text file.
            </summary>
            <param name="printItems">
            Items to be printed, assumed to be vector
            </param>
            <param name="fileName">
            The file name to store the printed items
            </param>
            <param name="segmentStartIndex">
            Index of the segment in the entire scan vector
            </param>
            <param name="numberOfScans">
            The number of scans for that particular encoding
            </param>
        </member>
        <member name="M:IMSDemultiplexer.MatrixCreator.GetIndexReorderer(System.Collections.Generic.IReadOnlyDictionary{System.Int32,System.Int32})">
            <summary>
            Provides a method that reorders the values being output
            </summary>
            <param name="scanToIndexMap"></param>
            <returns>Method that takes the ordered index, and returns the reordered index</returns>
        </member>
        <member name="M:IMSDemultiplexer.MatrixCreator.ReOrderArray(System.Double[],System.Collections.Generic.IReadOnlyDictionary{System.Int32,System.Int32})">
            <summary>
            Reorders the given array.
            </summary>
            <param name="orderedArray">
            </param>
            <param name="scanToIndexMap">
            </param>
            <returns>
            Array of doubles
            </returns>
        </member>
        <member name="M:IMSDemultiplexer.MatrixCreator.ReOrderArrayInPlace(System.Double[],System.Collections.Generic.IReadOnlyDictionary{System.Int32,System.Int32})">
            <summary>
            Reorders the given array in place by making a temporary copy of values, then clearing orderedArray and re-adding them.
            </summary>
            <param name="orderedArray">
            </param>
            <param name="scanToIndexMap">
            </param>
            <returns>
            Array of doubles
            </returns>
        </member>
        <member name="M:IMSDemultiplexer.MatrixCreator.ReOrderArray(IMSDemultiplexer.NzDataArrayDbl,System.Collections.Generic.IReadOnlyDictionary{System.Int32,System.Int32})">
            <summary>
            Reorders the given array.
            </summary>
            <param name="orderedArray">
            </param>
            <param name="scanToIndexMap">
            </param>
            <returns>
            Array of doubles
            </returns>
        </member>
        <member name="M:IMSDemultiplexer.MatrixCreator.ReOrderArrayInPlace(IMSDemultiplexer.NzDataArrayDbl,System.Collections.Generic.IReadOnlyDictionary{System.Int32,System.Int32})">
            <summary>
            Reorders the given array in place by making a temporary copy of values, then clearing orderedArray and re-adding them.
            </summary>
            <param name="orderedArray">
            </param>
            <param name="scanToIndexMap">
            </param>
        </member>
        <member name="M:IMSDemultiplexer.MatrixCreator.ReOrderArray(System.Collections.Generic.IReadOnlyList{IMSDemultiplexer.NzDataArrayDbl},System.Collections.Generic.IReadOnlyDictionary{System.Int32,System.Int32})">
            <summary>
            Reorders the given array.
            </summary>
            <param name="orderedArray">
            </param>
            <param name="scanToIndexMap">
            </param>
            <returns>
            Array of doubles
            </returns>
        </member>
        <member name="T:IMSDemultiplexer.NzDataArrayDbl">
            <summary>
            A dictionary that can behave like an array in terms of data access, with support functions so that only non-zero values (&gt;0) are stored
            </summary>
        </member>
        <member name="M:IMSDemultiplexer.NzDataArrayDbl.#ctor(System.Collections.Generic.IDictionary{System.Int32,System.Double},System.Int32)">
            <summary>
            Initialize with another IDictionary source
            </summary>
            <param name="sourceData">data to store - should not have any zero values</param>
            <param name="expandedSize">full size of the data - this would be the length if this was really an array</param>
        </member>
        <member name="M:IMSDemultiplexer.NzDataArrayDbl.#ctor(System.Collections.Generic.IEnumerable{System.Collections.Generic.KeyValuePair{System.Int32,System.Double}},System.Int32)">
            <summary>
            Initialize with data from an IEnumerable
            </summary>
            <param name="sourceData">data to store - should not have any zero values</param>
            <param name="expandedSize">full size of the data - this would be the length if this was really an array</param>
        </member>
        <member name="M:IMSDemultiplexer.NzDataArrayDbl.#ctor(System.Double[])">
            <summary>
            Initialize with an array
            </summary>
            <param name="data">data to store - zero values are not stored</param>
        </member>
        <member name="M:IMSDemultiplexer.NzDataArrayDbl.#ctor(System.Int32)">
            <summary>
            Initialize empty
            </summary>
            <param name="expandedSize">full size of the data - this would be the length if this was really an array</param>
        </member>
        <member name="M:IMSDemultiplexer.NzDataArrayDbl.#ctor(System.Int32,System.Int32)">
            <summary>
            Initialize empty
            </summary>
            <param name="expandedSize">full size of the data - this would be the length if this was really an array</param>
            <param name="capacity">Expected number of non-zero items in the array; if larger than <paramref name="expandedSize"/>, <paramref name="expandedSize"/> will be used instead</param>
        </member>
        <member name="P:IMSDemultiplexer.NzDataArrayDbl.Item(System.Int32)">
            <summary>
            Item accessor - returns '0' for non-existent keys, and removes keys if they are set with value '0'
            </summary>
            <param name="key"></param>
            <returns></returns>
        </member>
        <member name="P:IMSDemultiplexer.NzDataArrayDbl.Length">
            <summary>
            Length, as if this was an array
            </summary>
        </member>
        <member name="P:IMSDemultiplexer.NzDataArrayDbl.ExpandedSize">
            <summary>
            The expected length of the data (if it was stored in an array)
            </summary>
        </member>
        <member name="M:IMSDemultiplexer.NzDataArrayDbl.SetExpandedSize(System.Int32)">
            <summary>
            Set the expected length of the data
            </summary>
            <param name="expandedSize"></param>
        </member>
        <member name="M:IMSDemultiplexer.NzDataArrayDbl.ToArray">
            <summary>
            Return the data as a one-dimensional array of size <see cref="P:IMSDemultiplexer.NzDataArrayDbl.ExpandedSize"/>
            </summary>
            <returns></returns>
        </member>
        <member name="P:IMSDemultiplexer.NzDataArrayDbl.Sorted">
            <summary>
            Return the non-zero values as <see cref="T:System.Collections.Generic.KeyValuePair`2"/>, sorted by key
            </summary>
        </member>
        <member name="P:IMSDemultiplexer.NzDataArrayDbl.MinNzIndex">
            <summary>
            The lowest non-zero index, or int.MaxValue if no non-zero values
            </summary>
        </member>
        <member name="P:IMSDemultiplexer.NzDataArrayDbl.MaxNzIndex">
            <summary>
            The highest non-zero index, or int.MinValue if no non-zero values
            </summary>
        </member>
        <member name="P:IMSDemultiplexer.NzDataArrayDbl.Unsorted">
            <summary>
            Return the non-zero values as <see cref="T:System.Collections.Generic.KeyValuePair`2"/>, not sorted
            </summary>
        </member>
        <member name="M:IMSDemultiplexer.NzDataArrayDbl.GetEnumerator">
            <summary>
            IEnumerable implementation override
            </summary>
            <returns></returns>
        </member>
        <member name="M:IMSDemultiplexer.NzDataArrayDbl.NonZeroIndices">
            <summary>
            Get the non-zero keys (unsorted)
            </summary>
            <returns></returns>
        </member>
        <member name="M:IMSDemultiplexer.NzDataArrayDbl.ShiftKeys(System.Int32)">
            <summary>
            Helper method to support 'shifting' the keys for use with the demultiplexing Savitzky-Golay smoothing
            </summary>
            <param name="offset">how much (and what way) to shift the keys</param>
        </member>
        <member name="M:IMSDemultiplexer.NzDataArrayDbl.Equals(IMSDemultiplexer.NzDataArrayDbl)">
            <summary>
            IEquatable implementation
            </summary>
            <param name="other"></param>
            <returns></returns>
        </member>
        <member name="M:IMSDemultiplexer.NzDataArrayDbl.Equals(System.Object)">
            <summary>
            Overridden object.Equals
            </summary>
            <param name="obj"></param>
            <returns></returns>
        </member>
        <member name="M:IMSDemultiplexer.NzDataArrayDbl.GetHashCode">
            <summary>
            Overridden object.GetHashCode
            </summary>
            <returns></returns>
        </member>
        <member name="T:IMSDemultiplexer.PrsGenerator">
            <summary>
            Psdeudo random sequence (PRS)
            </summary>
        </member>
        <member name="M:IMSDemultiplexer.PrsGenerator.GenerateOversampledPRS(System.Int32,System.Int32)">
            <summary>
            Generate oversampled PRS
            </summary>
            <param name="bitShift">
            </param>
            <param name="oversampling">
            </param>
            <returns>
            The psdeudo random sequence
            </returns>
        </member>
        <member name="M:IMSDemultiplexer.PrsGenerator.SequenceGenerator(System.Int32)">
            <summary>
            Sequence generator.
            </summary>
            <param name="bitShift">
            Bit shift.
            </param>
            <returns>
            The pseudo random sequence
            </returns>
        </member>
        <member name="T:IMSDemultiplexer.ScanData">
            <summary>
            Scan data
            </summary>
        </member>
        <member name="M:IMSDemultiplexer.ScanData.#ctor(System.Int32,System.Collections.Generic.IReadOnlyList{System.Collections.Generic.KeyValuePair{System.Int32,System.Int32}})">
            <summary>
            Initializes a new instance of the <see cref="T:IMSDemultiplexer.ScanData"/> class.
            </summary>
            <param name="scanNumber">
            Scan number.
            </param>
            <param name="binsToIntensitiesMap">
            Bins to intensities map.
            </param>
        </member>
        <member name="P:IMSDemultiplexer.ScanData.BinsToIntensitiesMap">
            <summary>
            Gets the bins to intensities map.
            </summary>
        </member>
        <member name="P:IMSDemultiplexer.ScanData.ScanNumber">
            <summary>
            Gets the scan number.
            </summary>
        </member>
        <member name="M:IMSDemultiplexer.ScanData.ToString">
            <summary>
            ToString override for debugging
            </summary>
            <returns></returns>
        </member>
        <member name="T:IMSDemultiplexer.SegmentData">
            <summary>
            Container around a full set of demultiplexing segments. Primarily provides a special data set method.
            </summary>
        </member>
        <member name="M:IMSDemultiplexer.SegmentData.#ctor(System.Int32,System.Int32)">
            <summary>
            Constructor
            </summary>
            <param name="numberOfSegments">total number of segments</param>
            <param name="segmentLength">number of items in each segment</param>
        </member>
        <member name="P:IMSDemultiplexer.SegmentData.Data">
            <summary>
            Array of segments and contents
            </summary>
        </member>
        <member name="P:IMSDemultiplexer.SegmentData.Length">
            <summary>
            Total number of values that can be stored
            </summary>
        </member>
        <member name="P:IMSDemultiplexer.SegmentData.MaxIntensity">
            <summary>
            Max intensities for each segment
            </summary>
        </member>
        <member name="P:IMSDemultiplexer.SegmentData.Item(System.Int32)">
            <summary>
            Access/set that treats all segments as a single, large array
            </summary>
            <param name="index"></param>
            <returns></returns>
        </member>
        <member name="M:IMSDemultiplexer.SegmentData.Clear">
            <summary>
            Resets all values to their defaults
            </summary>
        </member>
        <member name="M:IMSDemultiplexer.SegmentData.Clear(System.Double[])">
            <summary>
            Resets all values to their defaults, using a blank array to permit use of Array.Copy. Length of array must be equal to SegmentLength
            </summary>
        </member>
        <member name="T:IMSDemultiplexer.SmoothingOption">
            <summary>
            Enum listing available smoothing options
            </summary>
        </member>
        <member name="F:IMSDemultiplexer.SmoothingOption.SavitzkyGolay">
            <summary>
            Savitzky-Golay smoothing
            </summary>
        </member>
        <member name="F:IMSDemultiplexer.SmoothingOption.None">
            <summary>
            No smoothing
            </summary>
        </member>
        <member name="F:IMSDemultiplexer.SmoothingOption.MovingAverage">
            <summary>
            Moving Average smoothing
            </summary>
        </member>
        <member name="F:IMSDemultiplexer.SmoothingOption.SimpleSavitzkyGolay">
            <summary>
            Optimized Savitzky-Golay
            </summary>
        </member>
        <member name="T:IMSDemultiplexer.SplitList`1">
            <summary>
            Implementation of IList and IReadOnlyList that tries to avoid getting onto the Large Object Heap
            </summary>
            <typeparam name="T"></typeparam>
        </member>
        <member name="M:IMSDemultiplexer.SplitList`1.#ctor">
            <summary>
            Instantiate the list
            </summary>
        </member>
        <member name="M:IMSDemultiplexer.SplitList`1.#ctor(System.Int32)">
            <summary>
            Instantiate the list with the specified capacity
            </summary>
        </member>
        <member name="M:IMSDemultiplexer.SplitList`1.GetEnumerator">
            <summary>
            Get an enumerator for the collection
            </summary>
            <returns></returns>
        </member>
        <member name="M:IMSDemultiplexer.SplitList`1.Add(`0)">
            <summary>
            Adds the given object to the end of the list
            </summary>
            <param name="item"></param>
        </member>
        <member name="M:IMSDemultiplexer.SplitList`1.AddRange(System.Collections.Generic.IEnumerable{`0})">
            <summary>
            Adds the given objects to the end of the list
            </summary>
            <param name="items"></param>
        </member>
        <member name="M:IMSDemultiplexer.SplitList`1.Clear">
            <summary>
            Removes all items from the list, but does not affect allocated memory.
            </summary>
        </member>
        <member name="P:IMSDemultiplexer.SplitList`1.Capacity">
            <summary>
            Gets or sets how many items can be contained in the list without allocating more memory
            </summary>
        </member>
        <member name="M:IMSDemultiplexer.SplitList`1.TrimExcess">
            <summary>
            Reduces list capacity to exactly the number of items in the list
            </summary>
        </member>
        <member name="M:IMSDemultiplexer.SplitList`1.Contains(`0)">
            <summary>
            Tests if the list contains the specified item.
            </summary>
            <param name="item"></param>
            <returns></returns>
        </member>
        <member name="M:IMSDemultiplexer.SplitList`1.CopyTo(`0[],System.Int32)">
            <summary>
            Copy to an array
            </summary>
            <param name="array"></param>
            <param name="arrayIndex"></param>
        </member>
        <member name="M:IMSDemultiplexer.SplitList`1.Remove(`0)">
            <summary>
            Removes the first instance of the specified item.
            </summary>
            <param name="item"></param>
            <returns></returns>
        </member>
        <member name="P:IMSDemultiplexer.SplitList`1.Count">
            <summary>
            The count of items contained in the list.
            </summary>
        </member>
        <member name="M:IMSDemultiplexer.SplitList`1.IndexOf(`0)">
            <summary>
            Returns the index of the first occurence of the given item in the list.
            </summary>
            <param name="item"></param>
            <returns></returns>
        </member>
        <member name="M:IMSDemultiplexer.SplitList`1.Insert(System.Int32,`0)">
            <summary>
            Insert an item at the specified existing or at-end index
            </summary>
            <param name="index"></param>
            <param name="item"></param>
        </member>
        <member name="M:IMSDemultiplexer.SplitList`1.RemoveAt(System.Int32)">
            <summary>
            Remove the item at the specified index
            </summary>
            <param name="index"></param>
        </member>
        <member name="P:IMSDemultiplexer.SplitList`1.Item(System.Int32)">
            <summary>
            Indexed setter/accessor; can only access or replace existing values
            </summary>
            <param name="index"></param>
            <returns></returns>
        </member>
        <member name="T:IMSDemultiplexer.TofBinDescriptiveStatistics">
            <summary>
            TOF bin descriptive statistics.
            </summary>
        </member>
        <member name="P:IMSDemultiplexer.TofBinDescriptiveStatistics.Kurtosis">
            <summary>
            Gets or sets the kurtosis.
            </summary>
        </member>
        <member name="P:IMSDemultiplexer.TofBinDescriptiveStatistics.Mean">
            <summary>
            Gets or sets the mean.
            </summary>
        </member>
        <member name="P:IMSDemultiplexer.TofBinDescriptiveStatistics.Median">
            <summary>
            Gets or sets the median.
            </summary>
        </member>
        <member name="P:IMSDemultiplexer.TofBinDescriptiveStatistics.StandardDeviation">
            <summary>
            Gets or sets the standard deviation.
            </summary>
        </member>
        <member name="P:IMSDemultiplexer.TofBinDescriptiveStatistics.TofBinNumber">
            <summary>
            Gets or sets the tof bin number.
            </summary>
        </member>
        <member name="P:IMSDemultiplexer.TofBinDescriptiveStatistics.Variance">
            <summary>
            Gets or sets the variance.
            </summary>
        </member>
    </members>
</doc>
